<?xml version="1.0" encoding="ISO-8859-1" standalone="no"?>
<!DOCTYPE REPORT SYSTEM "PHPReport.dtd">
<REPORT MARGINWIDTH="5" MARGINHEIGHT="5">
	<TITLE><REPLACE_WITH_TITLE/></TITLE>
   <BACKGROUND_COLOR>#FFFFFF</BACKGROUND_COLOR>
	<CSS>sales.css</CSS>
	<NO_DATA_MSG>No data was found, check your query</NO_DATA_MSG>
	<REPLACE_WITH_DOCUMENT_INFO/>
   <PAGE BORDER="0" SIZE="50" CELLSPACING="0" CELLPADDING="3">
		<HEADER>
			<ROW>
				<COL CELLCLASS="HEADER" COLSPAN="50">
					<XHTML>
						<TABLE BORDER="0" CELLPADDING="2" CELLSPACING="0" WIDTH="100%">
							<TR>
								<TD CLASS="HEADER">
									<b>JOHN DOE ENTERPRISES</b>
								</TD>
								<TD ROWSPAN="2" CLASS="HEADER" style="background:#A0A0A0;color:#FFFFFF;" ALIGN="CENTER">
									powered by<br/><b>phpreports</b>
								</TD>
							</TR>
							<TR>
								<TD CLASS="HEADER">
									<b><REPLACE_WITH_TITLE/></b>
								</TD>
							</TR>
							<TR>
								<TD COLSPAN="3"><HR/></TD>
							</TR>
						</TABLE>
					</XHTML>
				</COL>
			</ROW>	
			<REPLACE_WITH_PARAMETERS/>
		</HEADER>
		<FOOTER>
			<ROW>
				<COL ALIGN="RIGHT" COLSPAN="50" TYPE="EXPRESSION" CELLCLASS="FOOTER">"page number ".$this->getPageNum()</COL>
			</ROW>
		</FOOTER>
	</PAGE>
	<GROUPS>
		<REPLACE_WITH_GROUP_INFO/>
	</GROUPS>
</REPORT>
